{
  "$schema": "http://json-schema.org/draft-04/schema#",
  "type": "object",
  "properties": {
    "jobId": {
      "type": "string"
    },
    "jobInfo": {
      "type": "object",
      "properties": {
        "cacheHit": {
          "type": "string"
        },
        "cacheJobTime": {
          "type": "string"
        },
        "currentPageNumber": {
          "type": "integer"
        },
        "errorMessage": {
          "type": "string"
        },
        "jobDurationSeconds": {
          "type": "number"
        },
        "jobEndedAt": {
          "type": "string"
        },
        "jobStartedAt": {
          "type": "string"
        },
        "jobState": {
          "type": "string"
        },
        "nextPageURL": {
          "type": "string"
        },
        "originalURL": {
          "type": "string"
        },
        "previousPageURL": {
          "type": "string"
        },
        "queryEndTime": {
          "type": "string"
        },
        "queryStartTime": {
          "type": "string"
        },
        "queryType": {
          "type": "string"
        },
        "reflectionCreatedAt": {
          "type": "string"
        },
        "totalPages": {
          "type": "integer"
        },
        "totalRecords": {
          "type": "integer"
        },
        "totalRecordsCurrentPage": {
          "type": "integer"
        }
      },
      "required": [
        "cacheHit",
        "cacheJobTime",
        "currentPageNumber",
        "errorMessage",
        "jobDurationSeconds",
        "jobEndedAt",
        "jobStartedAt",
        "jobState",
        "nextPageURL",
        "originalURL",
        "previousPageURL",
        "queryEndTime",
        "queryStartTime",
        "queryType",
        "reflectionCreatedAt",
        "totalPages",
        "totalRecords",
        "totalRecordsCurrentPage"
      ]
    },
    "jobState": {
      "type": "string"
    },
    "output": {
      "type": "array",
      "items": [
        {
          "type": "object",
          "properties": {
            "Account": {
              "type": "string"
            },
            "AccountBaseCurrency": {
              "type": "string"
            },
            "AccountId": {
              "type": "string"
            },
            "AccountName": {
              "type": "string"
            },
            "AccountNumber": {
              "type": "string"
            },
            "AccountSourceSystem": {
              "type": "string"
            },
            "AssetClass": {
              "type": "string"
            },
            "BrokerCode": {
              "type": "string"
            },
            "BuyQty": {
              "type": "number"
            },
            "CClOrdId": {
              "type": "string"
            },
            "Card": {
              "type": "string"
            },
            "ChangeDate": {
              "type": "number"
            },
            "Class": {
              "type": "string"
            },
            "Commissions": {
              "type": "number"
            },
            "CompanyID": {
              "type": "integer"
            },
            "ContraBroker": {
              "type": "string"
            },
            "ContraTrader": {
              "type": "string"
            },
            "ContractDay": {
              "type": "string"
            },
            "ContractMonth": {
              "type": "string"
            },
            "ContractYear": {
              "type": "string"
            },
            "CorrelationClOrdId": {
              "type": "string"
            },
            "Cusip": {
              "type": "string"
            },
            "DeliveryCycle": {
              "type": "string"
            },
            "Delta": {
              "type": "number"
            },
            "ElectronicIndicator": {
              "type": "string"
            },
            "EnterDateTime": {
              "type": "string"
            },
            "ExecId": {
              "type": "string"
            },
            "ExpireDate": {
              "type": "number"
            },
            "Firm": {
              "type": "string"
            },
            "FuturesFirstDeliveryDate": {
              "type": "number"
            },
            "FuturesFirstNoticeDate": {
              "type": "number"
            },
            "FuturesLastDeliveryDate": {
              "type": "number"
            },
            "FuturesLastNoticeDate": {
              "type": "number"
            },
            "FuturesLastTradeDate": {
              "type": "number"
            },
            "GroupAccount": {
              "type": "string"
            },
            "GroupAccountNumber": {
              "type": "null"
            },
            "Id": {
              "type": "string"
            },
            "InstrumentType": {
              "type": "string"
            },
            "LastChgDateTime": {
              "type": "string"
            },
            "LastPx": {
              "type": "number"
            },
            "LastQty": {
              "type": "number"
            },
            "LeavesQty": {
              "type": "number"
            },
            "MarginIncreaseDate": {
              "type": "number"
            },
            "MasterAccountDepartment": {
              "type": "null"
            },
            "MasterAccountLineofBusiness": {
              "type": "null"
            },
            "MasterAccountName": {
              "type": "string"
            },
            "MasterAccountNumber": {
              "type": "string"
            },
            "MasterAccountOwnerCompanyId": {
              "type": "integer"
            },
            "MasterAccountPrimaryEmployeeEmail": {
              "type": "string"
            },
            "MasterAccountPrimaryEmployeeName": {
              "type": "string"
            },
            "MasterAccountPrimaryEmployeePhone": {
              "type": "null"
            },
            "MasterAccountSalesCodeName": {
              "type": "string"
            },
            "MasterCode": {
              "type": "string"
            },
            "MasterCompanyCountry": {
              "type": "string"
            },
            "MasterCompanyId": {
              "type": "integer"
            },
            "MasterCompanyLEI": {
              "type": "null"
            },
            "MasterCompanyLocality": {
              "type": "string"
            },
            "MasterCompanyName": {
              "type": "string"
            },
            "MasterCompanyNumber": {
              "type": "null"
            },
            "MasterCompanyPhone": {
              "type": "null"
            },
            "MasterCompanyPostalCode": {
              "type": "string"
            },
            "MasterCompanyRegion": {
              "type": "string"
            },
            "MasterCompanyStreetAddress": {
              "type": "string"
            },
            "MasterCompanyTickerSymbol": {
              "type": "null"
            },
            "MasterCompanyWebsite": {
              "type": "null"
            },
            "MasterInstrumentBloombergTicker": {
              "type": "string"
            },
            "MasterInstrumentExchangeSymbol": {
              "type": "string"
            },
            "MasterInstrumentName": {
              "type": "string"
            },
            "MasterMIC": {
              "type": "string"
            },
            "MasterMarketName": {
              "type": "string"
            },
            "MasterMarketOperatingMIC": {
              "type": "string"
            },
            "MsgSeqNum": {
              "type": "number"
            },
            "MultiLegReportingType": {
              "type": "string"
            },
            "Name": {
              "type": "string"
            },
            "Number": {
              "type": "string"
            },
            "Offset": {
              "type": "string"
            },
            "OmnibusCode": {
              "type": "string"
            },
            "OptionExpirationDate": {
              "type": "number"
            },
            "OptionLastTradeDate": {
              "type": "number"
            },
            "OrdStatus": {
              "type": "string"
            },
            "OrderId": {
              "type": "string"
            },
            "OrigClOrdId": {
              "type": "string"
            },
            "OwnerCompanyId": {
              "type": "integer"
            },
            "PnLAmount": {
              "type": "number"
            },
            "Price": {
              "type": "number"
            },
            "ProcessDate": {
              "type": "string"
            },
            "ProductGroup": {
              "type": "string"
            },
            "ProductSubGroup": {
              "type": "string"
            },
            "ProductType": {
              "type": "string"
            },
            "ProductUnderlyer": {
              "type": "string"
            },
            "PromptDay": {
              "type": "string"
            },
            "PutOrCall": {
              "type": "string"
            },
            "RecId": {
              "type": "string"
            },
            "RecordType": {
              "type": "string"
            },
            "SecurityDescription": {
              "type": "string"
            },
            "SecurityType": {
              "type": "string"
            },
            "SellQty": {
              "type": "number"
            },
            "SettlementDate": {
              "type": "number"
            },
            "SettlementPrice": {
              "type": "number"
            },
            "Side": {
              "type": "string"
            },
            "SignedDelta": {
              "type": "number"
            },
            "SourceId": {
              "type": "string"
            },
            "SourceId0": {
              "type": "string"
            },
            "SourceType": {
              "type": "string"
            },
            "StrikePrice": {
              "type": "number"
            },
            "SubClass": {
              "type": "string"
            },
            "Symbol": {
              "type": "string"
            },
            "SymbolContractYearMonthDay": {
              "type": "string"
            },
            "TotalFees": {
              "type": "number"
            },
            "Trace": {
              "type": "string"
            },
            "TradeCurrency": {
              "type": "string"
            },
            "TradeDate": {
              "type": "number"
            },
            "TransactTime": {
              "type": "string"
            }
          },
          "required": [
            "Account",
            "AccountBaseCurrency",
            "AccountId",
            "AccountName",
            "AccountNumber",
            "AccountSourceSystem",
            "AssetClass",
            "BrokerCode",
            "BuyQty",
            "CClOrdId",
            "Card",
            "ChangeDate",
            "Class",
            "Commissions",
            "CompanyID",
            "ContraBroker",
            "ContraTrader",
            "ContractDay",
            "ContractMonth",
            "ContractYear",
            "CorrelationClOrdId",
            "Cusip",
            "DeliveryCycle",
            "Delta",
            "ElectronicIndicator",
            "EnterDateTime",
            "ExecId",
            "ExpireDate",
            "Firm",
            "FuturesFirstDeliveryDate",
            "FuturesFirstNoticeDate",
            "FuturesLastDeliveryDate",
            "FuturesLastNoticeDate",
            "FuturesLastTradeDate",
            "GroupAccount",
            "GroupAccountNumber",
            "Id",
            "InstrumentType",
            "LastChgDateTime",
            "LastPx",
            "LastQty",
            "LeavesQty",
            "MarginIncreaseDate",
            "MasterAccountDepartment",
            "MasterAccountLineofBusiness",
            "MasterAccountName",
            "MasterAccountNumber",
            "MasterAccountOwnerCompanyId",
            "MasterAccountPrimaryEmployeeEmail",
            "MasterAccountPrimaryEmployeeName",
            "MasterAccountPrimaryEmployeePhone",
            "MasterAccountSalesCodeName",
            "MasterCode",
            "MasterCompanyCountry",
            "MasterCompanyId",
            "MasterCompanyLEI",
            "MasterCompanyLocality",
            "MasterCompanyName",
            "MasterCompanyNumber",
            "MasterCompanyPhone",
            "MasterCompanyPostalCode",
            "MasterCompanyRegion",
            "MasterCompanyStreetAddress",
            "MasterCompanyTickerSymbol",
            "MasterCompanyWebsite",
            "MasterInstrumentBloombergTicker",
            "MasterInstrumentExchangeSymbol",
            "MasterInstrumentName",
            "MasterMIC",
            "MasterMarketName",
            "MasterMarketOperatingMIC",
            "MsgSeqNum",
            "MultiLegReportingType",
            "Name",
            "Number",
            "Offset",
            "OmnibusCode",
            "OptionExpirationDate",
            "OptionLastTradeDate",
            "OrdStatus",
            "OrderId",
            "OrigClOrdId",
            "OwnerCompanyId",
            "PnLAmount",
            "Price",
            "ProcessDate",
            "ProductGroup",
            "ProductSubGroup",
            "ProductType",
            "ProductUnderlyer",
            "PromptDay",
            "PutOrCall",
            "RecId",
            "RecordType",
            "SecurityDescription",
            "SecurityType",
            "SellQty",
            "SettlementDate",
            "SettlementPrice",
            "Side",
            "SignedDelta",
            "SourceId",
            "SourceId0",
            "SourceType",
            "StrikePrice",
            "SubClass",
            "Symbol",
            "SymbolContractYearMonthDay",
            "TotalFees",
            "Trace",
            "TradeCurrency",
            "TradeDate",
            "TransactTime"
          ]
        }
      ]
    }
  },
  "required": [
    "jobId",
    "jobInfo",
    "jobState",
    "output"
  ]
}